label,review
0, 持续崩溃…情人节前一天看柯南“情人节杀人事件”结果第二天差点儿变成了事实…刚说喜欢我家狗他就把我的AirPods Pro咬得面目全非我不知道该怎么留下去了，生病没好起来，上天也不留我… 
0, 想哭的时候哭不出来，想笑的时候笑不出来，每天都被情绪支配着，没有一刻回归自己，所以，大年初二，真的是我该死的日子吗？我想回归大海了，那时候连眼泪都有海水遮掩。 
0,锁门 关灯 上床 音乐声音调到最大 飞行模式 什么都不想去感受眼泪已经没有办法去表达我的难受了 
0,这世界真令人恶心啊 
0,我要很多很多的爱 如果没有 那就要很多很多的钱 
0,哎哟，是谁又哭了？ 
0,焦虑妄图拯救焦虑 拯救失败 加剧焦虑 就陷在这绝望的循环中 和那些瑕疵作斗争 永不见天日 随即毁灭 
0,我不想自己生闷气 
0, Day5好多和我一样的人在这里，还好感觉有人陪我内心深处仍然是无力的白天要应付各种工作，夜里脑子转到爆炸这不是我自愿的选择，身体他不听不我的真是苦笑 上海 
0,开始耳鸣了 
0,哭也无法抹掉心里的痛～我很想你，但也知道这不该你的生活是阳光，而我走不进来我会慢慢学着不纠缠，祝福你 
0, 寻找成都的病友，如果有时间聊天，就私信我 成都 
0,吃了喹硫平是真的像吃了毒品一般，感觉自己不能控制自己了，好不真实，而且听说发胖特别严重，我今天一整天都困死了，都快24小时了，头还是疼到炸裂，太恐怖了这个药 
0,我今年大二，现在已经休学了，爸妈亲人都认为我按时吃药，休息几个月就会好，他们说在家休息几个月就去找个工作打工，然后明年去学校报名征兵，去当兵两年，再回学校，但是他们不知道，休学了是没办法申请征兵的，征兵的也不可能会要有精神病史的人，他们想的很好，我当两年兵回来，可以重新选择专业，政府也有补助，但是我知道这是不可能的，辅导员也不可能会帮我，我本来就在休学中，学校怎么可能同意我去征兵呢，他们觉得我会好，在一年前我也是这么觉得的，但是现在，我知道自己永远不可能会好的，我所拥有的，只不过是我和我的病而已，这一年我能撑下去吗？答案是未知的，无数遍想过了结，但是怕家人伤心，我想，过一久就赶紧找份工作吧，攒些钱留给父母，然后，就离开吧...
0, 打算下周去医院给自己个明确结果，想问下大家，只诊断不开药，不走医保，到底会不会被记入档案啊？以后有考公和当老师的想法，会有影响吗？ 
0,    我给她们我的真心，她们毫不在乎，摔在地上用脚反复的踩直到心碎了，她们拿起簸萁装了起来扔到垃圾桶里，笑着和别人说你看一文不值，我看着她们走在阳光下而我在泥沼里越陷越深，我看着她们毫无歉意却活的自由自在，而我在昭潭感觉永远都出不来，它们都笑我说不就是友情嘛，是呀不就是友情嘛，一个见证了我人生中的20年，一个见证了我的10年，我一直相信细水长流的友情不差于轰轰烈烈的爱情，然后就是不断反复的病情，不断反复，有时候我还问我的医生，为什么呢？它说没有谁可以陪着谁一辈子，我说，也对
0, 感觉自己好暴躁，抑郁大概是期望中的自己和现实中的自己差距太大吧 
0,12.17门诊复查  上周六嗑了60粒喹硫平，说了两天胡话，这周三出的院，和老赵讨论决定这周五提前去换下药。  一进门就被老赵调侃和阎王爷和上帝握了手又回来了。  老赵问我有什么计划，我说什么计划，没有计划。“你知道的知识还挺多，什么碳酸锂，劳拉”“嗯，别人告诉的。”（其实是 ...全文
0, 哈这个世界真tm恶心 
0, 如何才能摆脱 
0, 大作文竟然没写完，也是醉了除非我下午英语考100早上开考之前拉肚子想吐简直绝了戴着口罩竟然还被老师看出来脸色不好“如果不舒服及时跟我说啊”啊啊啊啊差点儿哭出来 
0, 我想问一下大家，你们可以描述和形容自己的感受吗？我觉得我真的没有办法描述和形容但就是很难受和无助去医院复诊的时候也说不出来到底怎么了这种感受已经超越了文字该怎么办啊 
0, 明每天早饭后20mg草酸算多吗？ 
0, 第二天感觉一整天都是浑浑噩噩的，也有可能是感冒的原因上午跟我妈一起去烧香，开车去的路上我又控制不住跟我妈发了脾气，我知道都是我的问题，我变得越来越糟糕了你下午的时候把我拉黑了，一直到现在，我以为你这两天会给我发信息呢，原来是我自作多情了，我要控制住不去联系你，不打扰你，虽然很难做到，但我会努力的
0,我置身淤泥深处，这里黑暗冰冷，连星光都遮住，我放弃挣扎，却又不甘被禁锢。我在黑暗中放纵，发泄，沉溺。 
0,什么是死去？是终点，是诀别，是不可挽留，是再也握不到的手，感觉不到的温度，再也说不出口的“对不起”。 
0,一大早莫名其妙心情烦躁刚才和妈妈打电话妈妈和我用方言说话而且没和我说旁边我姨在不在就和我说吃药的事忽然好烦刚才打电话的时候室友也在说话那一瞬间好暴躁不过控制住了，我不应该伤害妈妈和室友，妈妈现在应该还在姥爷去世的悲痛中昨天晚上做梦梦到坐高铁回家，在中间某一站我下车透透气，结果车门关了我没进去在站台上乱哭还梦到悠长的巷子里有人追我，同学问我要不要去巷子里面吃小面，我好害怕不敢去了说那里有绑架女生的恶魔blabla今天依旧阴天
0,有没有病友，会因为一件事就记在心里走不出来说说你的经历 
0, 躯体化好难受 
0,夏目遇到了塔阿姨和滋叔叔 而后有了家  有马公生遇到了宫园薰  三哥遇到了程恪  停总遇到了三牙子 嘟嘟遇到了骆队 xx遇到了xx 每个人都有每个人的救赎 每个人都遇到了每个人的救赎  而童话只存于书里   安徒生也只是谎言家 
0,工作or上学?做什么的 
0,什么时候安乐死能自行申请我立马去 
0,怎么才能克制那些想法 
0,马勒戈壁??的    （实在不想骂脏话） 
0,都已经哭不出来了，还是会难过她把我在她朋友圈下的评论删掉。明明四个人一起玩的，W和F是小学闺蜜，W和H现在也是同学，H和F从初中开始就关系最好。我就像一个旁观者，根本进不去。我现在和她们又不在一个学校，联系不多，真的会感觉关系越来越淡，而我就是固执的挽留，经常给她们买礼物，希望她们不要离开我。哪怕偶尔能想起我也好，偶尔找我聊聊天我就会很满足的
1,晚上一定要听着雨声才能入睡。大家晚安。明天也要记得开心。 
0,为什么我这么胖这么丑救命 
0,感觉坚持是最难能可贵的品质 
0,活着是一件挺痛苦的事，不是吗 
1, 我才发现原来我的存在对我的朋友来说不是一个悲观的存在，我真的很爱他们 
0,我坚持不下去了... 
0,好累啊 为什么不肯放过我 
0,我始终不明白自己到底在想些什么 
0,就离谱，手里拿个东西就开始抖，放开之后就不抖了。 
0,上次去医院忘记和医生说手抖的问题了，感觉越来越严重了，吃饭握筷子都有阻力的感觉我吃的就只有泊罗西汀一天60mg 
0,救救我吧，随便说点什么，求求啦 
0,本来觉得要好的差不多了，结果被舍友弄的又破防了，果然药暂时还是不太能停 
0, 我可能是这里面年纪算小的了，头晕背痛，好像喝了假酒，马上开学了，不知道能不能撑下来，妈妈不喜欢我搞特殊不希望我不上学，我也只好硬着头皮答应下来，不允许我缺考，我也答应了，但我真的活的好累，这辈子都在担心妈妈的心情，感觉就没有为我自己活过哪怕是一瞬间也没有，好累，我想死……
0,#我们如何对抗抑郁#抑郁症和女儿一起努力       12.6    女儿昨晚没有吃伊坦宁，大概10:40上床就寝。没有出现周六的失眠状况，一直到今天早上六点多钟我进她的房间，她醒来一小会儿，喝了点水又再次躺下。看来还是比较正常的，希望周六出现的失眠状况只是一个特例。    刚刚，爸爸给我打电话，说她今天一天的中药都没吃。我一看时间已经7点了，也有点着急，紧急嘱咐爸爸把药泡好，盯着她一定把药吃完，这样才能保证晚上睡觉之前，留足两餐药之间的时间。最近这段时间吃药一直都挺自觉的，今天忘了吗？    开始着手整理刚刚出炉的绘画心理游戏分析报告。从专业机构手中拿到所有孩子的基本评估报告后，我在想，给老师们做分析到底应该从哪个角度，用什么方式？因为，报告的内容不是让我们给孩子们贴标签，只是让老师们多一个渠道了解孩子，多一种方式看待孩子，从而能更深入更全面的关注孩子的情绪状态，这才有可能触及孩子的内心，激活他们的内驱力，真正帮到他们。    所谓的理论概述、分析概述、案例比对，即使再浅显易懂，对绝大多数人来说也都是比较专业的名词。仔细思考一下，要通过这次分析触发阅读者的兴趣，触及他们的内心，就必须让他们沉浸式分析，亲自研究。也就是说，让老师们掌握一定的分析工具，对照画作，结合孩子的生活实际和具体情况进行相应的推测，这样是不是有意思，且更有意义呢？    于是重构报告的整体框架，再次明确分析的重点，站在教育的角度，再来看这份评估报告，我们要的是心理专业和教育专业的结合。    我也把女儿最近的几幅画存进了电脑里，后期想运用所学到的分析方法，针对她的画作来一次沉浸式研究，看看这几幅画作背后的心理基础和情绪状态。    好的，理清思路，准备回家。
0,#我们如何对抗抑郁#抑郁症和女儿一起努力       11.12    “说实话我不觉得我有任何优点。我不觉得我值得被喜欢。”这是她今天1:30发表在自己空间说说里一段话的开头。    下面的文字描述了她在b站里看到的一个视频，说到了“舔狗”，讲述了舔与被舔的恋爱关系。后续的评论似乎在影射她和朋友之间的相处模式。    她说，她时常陷入自我感动和自我怀疑的情感，时而觉得自己很厉害，时而觉得自己一文不值。    她说，成为被讨厌的人她也没有办法，她不需要意义的可笑灌输，还有不耐烦的撕破脸皮。    她说，要是她有一天死了，你要是良心会想起你曾经说：那你赶紧去死吧，你现在就去死之类的话之后，她好怕你后悔和自责。（这个你到底是谁？？？）    她说，她没有理由把这些过错归功于一个人，成为用来安慰自己懦弱的工具，就像把冬天冰冷的脚放进被窝还是冰冷的。    看完了她的留言，我的心才是一片冰冷。是发生了什么事情吗？   这之前，我中午跟她QQ留言，问她昨天调整药量之后的感受，她只说吃不进东西，其他都没说啥事儿。但我在看她的说说时，发现她说到药量增加了，噩梦变多了，好难受等等。似乎调整了药量，反而引发了她的不适。   感谢她的QQ空间从来没有对我关闭，我才能够借由这个渠道了解她不在我面前时表现出的另一些小心思。她的QQ签名是自卑的和疲惫的幻想家，她心中的那个自我真的已经自卑到了这样的程度了吗？    一下午心神不宁，实在没忍住又跟她留了言。    我：宝贝，昨天你没看电影就回来了，你的小朋友没有怪你吧？我昨天晚上就想问来着，担心你承担了压力。如果有需要妈妈帮你解释的地方，一定记得告诉我哈！抱抱我亲爱的宝贝！    她：没有，没有，谢谢你了。    （话锋一转）双11活动，买点颜料吧？    我：你是个小坏蛋，就会在这种时候，跟我提这些要求！    她：谢谢你……（点点手指头为难中.jpg）    我：今天已经12号了，过了双11了（吐舌头.jpg）    她：。。没事，还有活动的    我：那我明天去接你的时候，你再跟我说吧！    她：好！    接着我们俩开始讨论她最近出的那幅iPad绘画作品。我又特地嘱咐她，换了药之后如果有特殊的感受，一定要及时跟我说，我好找专家咨询。    她秒回“嗯嗯”。    从我跟她QQ留言的交流情况看，她整个情绪比较平和，没有特别极端的思想和语言，似乎近期也没有出现引发她极端行为的特殊事件。那么我亲爱的宝贝，你今天到底是为什么会这样长篇大论有感而发呢？是我想多了吗？还是她只是把说说当成她自言自语的情绪宣泄口？    我也emo了。
0,家人们，我想在明天吞药，挣扎了好几天了，真的不想熬啦 
0, 从小到大甚至连朋友都没有一个真心的自卑 敏感 胆怯都是我自己 
0,越来越嗜睡了，从上午十点多睡到下午三点多 
0,刚刚进了一个奇奇怪怪的群，说实话蛮影响心情的，今天头疼一天了，现在特别特别不舒服 
1,好像是因为昨天一直在哭，加上头疼，昨天十二点就睡了，五点多才醒的，半夜也没醒过，嘿嘿嘿好久没睡的这么安稳了 
0,做一个悲观主义者好像更容易，更让我放松 
0, 我好难过啊，我是不是真的没救了啊 
0,什么时候是个头啊 
0, 哈哈哈！我再也坚持不住了，我最终还是认输了，和它斗争了2年！最后还是我输了 
0, 呃呃呃……6月17号地理会考，结果老师让我必须考满分… 
0,一不下心又没忍住划大了…血顺着流，我希望再也没有下一次 
0,我想知道，你们会不会想哭的时候笑出来啊，或者哭着哭着就在大笑，这个是病症还是我就是个搞笑女 
1,立个flay 从今天开始每天12点前入睡 
0,我好像疯了好像有人要鲨我但我知道这不是真的但是真的好危险有人要鲨我那个穿红色衣服的男的为什么他在我家他是谁为什么他要来鲨我 
0,最近状态很不好  不知道怎么办  不想去医院  又是那些话那些药  人为什么要活着啊 
1, 治疗第四年，一切都在慢慢变好，我开始学会相信自己，满足自己，也不会再常常逼迫自己，但我好像也变得冷漠无情许多……我不明白这是好是坏，只要我活着，健康的活着就好了。希望大家也能和我一样变得越来越好，早日康复。 
0, 我能干嘛呢？我已经废了，彻底的废了呀，我已经是废物了！ 金华 
0, 都说人死了，听觉器官还有短暂意识。那2分钟垂直掉下的瞬间，大家有多惊恐，那最后解体时的爆炸声，有多恐怖呢？但愿大家都听不到，只是直接飞到了另一个时空而已。 金华・义乌国际商贸城 
0, 今天回到了工作的地方，整个人都不好，头痛，心跳，呼吸都很不对了 金华 
1,宝宝们一起听吧我用#云听#收听电台《文艺之声》#李峙的不老歌#  ，推荐你来一起听一听！网页链接 听着听着就睡个好觉吧～ 
1,宝宝们一起听吧我用#云听#收听电台《文艺之声》#李峙的不老歌#  ，推荐你来一起听一听！网页链接 听着听着就睡个好觉吧 
1,宝宝们一起听吧听着听着就睡个好觉吧#云听#这个节目《千里共良宵 李峙合集》很不错 ，推荐你来一起听一听！ 网页链接 
1,宝宝们一起听吧我用#云听#收听电台《文艺之声》 #李峙的不老歌# ，推荐你来一起听一听！网页链接 听着听着就睡个好觉吧 
0,心死为王，感觉16岁就死了，可能要到80岁才埋 
0,好疼啊 真的好疼... 
0, no恋爱no 终于睡醒丫的微博视频 
0, 我决定啦啦啦啦，就去死一死啦 
0, 虽然很烂但还是忍不住想发 终于睡醒丫的微博视频 
0,刚才跳楼别人报警被警察救下来了，这是第二次别人报警被警察拦下来了，你们能救我一次救我两次呵呵，希望下次不被发现…… 
0,依旧没有盼头…… 
0,一发作就 脑壳疼啊脑壳疼 
0, 我对不起我自己对不起，我没有撒谎我没有我没有，不要污蔑我 
1,每次都期待做个美梦…折腾了一夜…应该睡得着吧… 
0,好烦，感到莫名其妙的烦ò?ó，想哭。想砸掉东西，莫名其妙的对他人发脾气，发狂的时候就像一个疯子 神经病！这样的……我，很痛苦！  感到绝望和无助！好累，我一点都不开心和快乐！我感到很难过难过的想要离开，从而结束这一切，我不想再挣扎了，累了，没有力气再去和它作斗争了，我每天的状态都很累，累到窒息  抑郁症就像一条黑狗一样，一有机会就咬住你不放，抑郁症  这个病太难熬了！
1,加油！每个人 
0,一天没吃药，头真的好疼开始睡不着了 
0,       人生能有几年，我今年不过20岁，抑郁占了十几年。 
1,晚安 
1,孤勇者 晚安 
0,小疯子日记第251天：                                              不甘心啊，这个月最后一次休息什么都没玩 
0,小疯子日记第224天：                                              不让戴布口罩，不让听外文歌，不让用网易云，不让留长发，你TM算老几啊，给你脸了 
0,小疯子日记第198天：                                              不要把与工作有关的事情安排在休息日，哪怕是复印 
0,小疯子日记第171天：                                             聒噪是会遗传的 
0,小疯子日记第144天：                                              聒噪 
0,小疯子日记第一百三十七天：                                                          吃个自助逐渐野蛮，山猪吃不了细糠在脑子里一闪而过。 
0,小疯子日记第八十九天：                                                  好冷鸭 
0,小疯子日记第七十二天：                                                  三分之一了。 
0,小疯子日记第四十六天：                                                  明天试岗 
0,小疯子日记：                                 停药第一天，药不知道放哪了，嗯，又没药吃了。 
1,明天又会有新的进步和开始，以及新的行动，准备阅读一些心理学励态，希望有所收获。 
1,好困，累，睡了，大家晚安！ 
0,好难受，胃痛了几个小时，今晚还能睡好吗？ 
1, 在原地待了好久以至于我的人生好像只有读高中这一件事了 好像我一个人被永远地困在高中生活了 不是这样的 日子好长好长 慢慢来吧 慢慢感受吧 变得更强大 更勇敢? 
0,又被不理解的长辈一通乱说 
0,又自残了 
0,心脏痛死了救命揪着的痛 
0,头痛到爆炸?? 
0,如果有一天我走了，那就遗忘我吧 
0,怎么办好家人们帮帮我，现在吃的药对于我来说也不管用！完全控制不住我，几乎每天都在自残晚上我白天经常很神经，异常兴奋经常，大多数时间都处于非常兴奋的哈状态，兴奋也会到自残，打自己，晚上我有大多数情绪很不好，很悲哀，自残，有时候也会自言自语，晚上会没有意识的说一些乱啊七八糟的话，自己也听不懂，完全没有意识，有时候自残也是
0,都要死的，其实很可怕，对于死亡是有恐惧的，生离死别乃人生常态，却最让人难以接受，但是还是向往渴望死亡，可能是太痛苦了吧，不想吃药一直拖，最近一直都是 
0,小猫已经在我旁边呼呼大睡了，而我又失眠 
0, 无语，为什么我总是做错事情呢，我已经很小心了，我真没用 
0, 天气明明很热我却一直在发抖，脑子里特别乱，听不进去课 
0, 今天放学的时候路过那个天桥又差一点跳下去了，而且跳下去的想法比上一次还要严重，感觉真的很多事情都不是我能控制的，我控制不住自己，我控制不住的事情太多了，说不定哪天我就真的跳下去了呢 
0, 五月份并没有善待我 
0, 今天去上课的时候，路过那个很高的天桥，我差一点就要往下跳了，还好那会是上课时间，旁边人比较多，我勉强控制住了自己，但我不能确保以后也能这样，我会尽快离开的，你们做好心理准备吧，对不起 
0, 越来越嗜睡了，头还疼的特别厉害，明明什么事都没做就感觉很累，这是猝死的前兆吗 
0, 虽然别人经常跟我说让我不开心的时候可以找他们倾诉，但其实我不怎么好意思主动找别人聊天，因为别人如果稍微晚一点回我或者说话的口气不对我就会胡思乱想，所以还不如不找咯 
0, 幸运的人用童年治愈一生，不幸的人在用一生治愈童年 
0, 我不擅长挽留，可偏偏这么多人要走 
1, “生命是有光的，在我熄灭以前，能够照亮你一点，就是我所有能做的了，我爱你，你要记得我.” 
0, 头又又又开始疼了 
0, 不想上学啊 
0, 不用考虑我，我没感受，不用对不起，反正下次还是这样 
0, 我不想去学校了 
0, 今天又刷了一遍“送你一朵小红花”，还是哭的泣不成声，平行时空里的韦一航可以健健康康、快快乐乐的生活，这个世界上是不是真的有平行时空啊？平行时空里的那个我也肯定没有抑郁症，有爱我的家人朋友，也可以快快乐乐的生活下去吧 
0, 感觉我熬不过这个月了 
0, 记不清了，只记得这段时间真的好痛苦，掉了好多好多眼泪，我不行了，坚持不下去了，好想好想离开这个世界 
0, 希望可以在睡梦中解脱 
0, 我没办法好好活着了…… 
0,“诶你知道么，人总要确定了自己是偏爱之后才会安心”“是嘛……那我可能永远都不会安心了”“啊？为什么这么说？”“因为我永远都不会成为任何人的偏爱” 
0, 我还能好起来吗？还会好起来吗？ 
0, 好冷，明明已经春天了，为什么还是这么冷呢？胃痛到吃不下饭，刚刚还吐了，身体和心灵上的双重折磨真的很痛苦，我想走了 
0, 胃疼……而且还是那种钻心的疼，一看手机发现居然都五点了，我这里解封了，其实解不解封对我来说又有什么意义呢？不还是一样的不开心？可笑的是，支撑我活下去的动力居然是怕疼，希望可以像一片雪花那样慢慢的融化消失，我好难受，好冷，感觉浑身疲惫，但就是睡不着，我控制不了 
0, 天天失眠，天天哭，是我低估发病的时候的难受了 
0, 快撑不下去了 靓女柠汐的微博视频 
0, 刚刚下楼路过做核酸检测的摊位，看见有小孩子在跳“听我说谢谢你，因为有你，温暖了四季”，旁边的貌似是她的爷爷奶奶吧，爷爷在那拍视频，奶奶在那鼓掌，后面还有人在排队，对于这种事情你们怎么看 
0, 该死的马来酸氟伏明沙片，我每次吃完都头晕晕的，而且还想吐 
0, 我刚刚刷抖音刷到一只自己特别喜欢的猫猫得病去世了，上一次刷到它的时候它还在和主人开开心心的玩呢，突然感觉不管是人还是小动物的生命都太脆弱了 
0, 带我走吧，去哪里都行，只要不是这个支离破碎的家 
0, 我生病的时候你在哪？被欺负的时候你在哪？需要爱和陪伴的时候你又在哪？现在知道来找我要钱了，当初又没有人逼着你把我生下来，那现在既然把我生下来了为什么又要这样对我呢？ 
0, 太难了 
0, 我的心脏跳的好快九敏 
0, 家人都是什么话难听说什么，导致自己抑郁症的大部分原因就是因为他们，好不容易把心情调节好了因为他们的一句话或者是一个举动又被打回原形了，有人跟我一样吗 
0,  现在是对于自己之前喜欢的一切事物都失去了兴趣，抖音反正早就刷腻了，动漫看不进去，有滑板了但是又没心情学了，堕落且糟糕的生活，马上要工作了，也不知道自己能不能干好 
0, 你他妈的大半夜的又发什么疯？又是嘴里喷粪又是摔盘子的，你骂我就算了，你还要骂我的朋友干嘛？真不愧是杂种，疯女人老子迟早有一天要把你关到精神病院去 
0, 前段时间在打工的地方看见了这样一件事情，一位妈妈在很多人面前大声训斥着一个小女孩，看那个小女孩穿的衣服，她应该是刚刚从舞蹈班出来的，她的妈妈一直在冲着她吼：“你知道这个舞蹈班多贵吗？妈妈在外面辛辛苦苦赚钱，你就是这么回报我的吗？”小女孩一直在哭，还告诉妈妈她不喜欢跳舞，她真正喜欢的是画画，说完她的妈妈就扇了她一巴掌，很用力，然后这么一拉一拽，小女孩就摔倒在地上，她还丢下一句：“你要是再不听话，妈妈就不要你了，就去领养一个跳舞跳的好的小朋友”接着就真的走了，小女孩一直在后面追，我上去劝了一句，她的妈妈还跟我说：“我教育我的孩子关你屁事？你一个臭打工的有什么资格说我？”我因为工作原因不能擅自离开摊位，也无法继续劝下去，唉，希望小女孩的妈妈能早一点意识到自己的错误吧
0, 我想回到去年夏天 
0, 海底看不见四季 
0, 你自己开心就好，不用管我，不用考虑我，我怎么样跟你没关系，我没有感受，我不会难过 
0, 为什么每到冬天就会情绪不对劲、还动不动就生病，然后各种不好的事情也接二连三的发生呢？去年也是这样，不知道该怎样继续下去 
0, 还没睡 
0, 那种被所有人指责，讽刺，嘲笑的，可自己只能一个人在那边哭到撕心裂肺的感觉是这辈子都忘不了的 
1, 大家有没有什么只为自己许的小愿望呀？我……嗯，有钱，每天都可以吃到很多好吃的，想要滑板，每个节日都有人陪我过，成绩可以提高，会有人给我一个大大的拥抱，和喜欢的网友见面（先说这么多吧） 
1, 平静就是最大的幸福 
0, 欺软怕硬的人就像一张烂纸一样 
1, “少年派”大家看过嘛？我感觉里面林妙妙的爸爸特别好，而且我特别羡慕他们四个的友谊 
1, 今天到现在为止都没有想哭的意思，感觉状态又比昨天好了一点，有进步，我做到了，我真的做到了，还有，我可以提一个小小的要求吗？就是……能不能再夸夸我？我相信我们大家都会慢慢变好的，所有人都要好好活着啊，一定一定要好好活着，不管发生什么事情都要坚持下去，不要放弃，只有活着才有希望，我们要一起变得更好，别怕，我与你们同在
0, 这几天都没有吃过肉，感觉自己快营养不良了，但是疫情太严重又不敢出门，我太难了 
0, 经常莫名其妙头疼是怎么回事？躯体化吗？ 
1, 这个世界也许糟糕，但终究也有理解和支持我们的人。愿所有人都能找到自己的光，能好好爱护自己的精神世界，与自己的情绪和平相处，走出心中的阴霾，加油啊，我爱你们 
0, 我想拉屎 
1, 您好，您的霉运已清理完成                    　　 100%遗憾的事和人下半年就别再想起了~ 
0, 突然想起来微博里上次骂我的那个人对我说的话，他和我说：“就连你妈都不爱你，还会有人爱你吗”，现在感觉他骂的还挺对的，确实，我没有人爱，无论我再怎么努力，到最后都会被抛下 
0, 快十八了打个电话都要问是谁，偷看我日记本，被逼着学不喜欢的专业……总之摊上个控制欲强的妈真的好可怕 
0, 状态还是很差，妈妈今天休息一天在家，一直骂我一天到晚就知道躺在床上，也不说出去走走，可是我真的好累，没有精力动弹，只想一个人躺着玩手机，我还得忍着眼泪，我都不敢哭出来 
0, 我长这么大还是第一次见到有老师会骂自己的学生是ji女的，而且骂过的还不止我一个学生，怎么？难道你做过吗？哦不对那老师是个男的，一个男老师能说出来这种话也是没谁了 
0,学得会沉默，学得会克制??收收自己的欲望和想法?????? 
0,谁可以帮帮我，怎么才能不为了满足别人的情绪而活 
0,为什么总有人对我们这些人怀着那么大的恶意？ 
0,为什么总是躁郁混合发作？？？ 
0,大噶会不会咳痰咳出血啊？硬币大小的血。。。我好方张 
0,有无在上海精卫住院的uu呀？是怎么样的呀，也是封闭吗，离了手机我会死的医生第n次建议我住院。 
0,一边说让我发泄，一边又不让我zc，说心疼我，是真正的“心疼”吗？还是仅仅不想让这个躯壳有破损？ 
0,特么的把我勾起痛苦回忆了，以前一天不吃饭我爸下班还得给我买饭，勉强吃下去，现在不敢告诉我爸，怕他担心着急也帮不上忙。。。。 上海・锦泰苑 
0,为什么人都这么自私，人都是自私的吗？不自私的就是善良吗抑郁症特么的一大早被同事训，她工作做错了赖我的问题，特么的神经病 
0, 我好冷漠每次难过烦躁紧张的时候 就很冷漠发呆什么都不想想面无表情 什么都不想听 不想说 不想理我觉得自己好可怕我很害怕做选择特别是大家都想让你选你不想选的选项那为什么让我选呢我不想做为什么又逼我做呢今天爸妈跟我争论这个时候我就开始发呆开始冷漠把自己关在房间里 我觉得自己好可怕……
0,我要死了 
0, 第六天打开 昏睡了一天 各种不舒服希望明天会好 …… 
1,希望你们能开心 Vincent-huan的微博视频 
0,好难受啊救救求求难受救救我 
0,我可以爱所有人甚至一条我厌恶的狗，但就是没法爱自己，不理解自己为什么会这样 
0, 家人安慰我的时候，总是会说，你要开心点，这个就是你自己想多了，等等一系列的话。真的很想说，这个病它是生理上的，得了癌症，我想它好它就能好吗 
0, 真糟糕 出门时摔了一跤 
0,不想规培了，太累了，一边要我各科转轮转，一边又要我跟门诊；一边要我崂山、黄岛、平度转科，一边又要我随叫随到市南，我真的不行 
0,和父母生活在一起，吃饭还要看他们的脸色 
1,疫情好起来吧，五月还想看演唱会呢，还想回家一趟呢晚安 
1,欢迎大家来听朋友给我弹的“小星星” 名字也许是撒手没的微博视频 
0,我好像已经给自己判了死刑 
0,我不配拥有感情 
0,怎么又哭了...不哭不哭忍一忍 
0,不想也不擅长社交，而且我成为了一个越来越无趣的人（或许一直都这样吧），没有活力没有兴趣没有感情，我还活着其实我早就死了?? 
0, 如果不吃药我早就死了吧 
0,也不知道懂事太早是好事还是坏事 
0,我心里都是事儿，但是我无法表达，我把错都归结到自己身上，我怪不了任何人 
0,社恐 
0,睡不着 很难过 什么办法都没有用我就是很难过 
0,“就你最不正常”“全校最不正常 对学校影响很大”这是学校给我休学的理由 
0,我真的是个正常人吗....? 
0,为了维持情绪能像个正常人一样每天吃很多药 知道会有副作用会依赖药物 但也特别没有办法 停了就想伤害自己  真的很痛苦啊 
0,世界上最恶心的事情莫过于加害者把自己看作受害者 
0,每次看到那些和我差不多的小姑娘开心的样子  像极了我的从前    搞不懂是什么时候开始渐渐地就变成了这样 
0,为什么为什么？为什么每天都要伪装一个快乐的女孩……为什么在别人的面前总是要戴着假面？为什么我不能活我自己？为什么？为什么为什么为什么为什么 
0,人间毫无留恋，一切散为烟 
0,“我是馊掉的橙子汁和浓汤，我是爬满虫卵的玫瑰和百合，我是一个灯火流丽的城市里明明存在却没有人看得到也没有人需要的北极星。” 
0,草酸和舍曲林能一起吃吗？有副作用吗？ 
0,我过成这样老天爷都不打算放过我？抑郁症 
0,阿杵，今天是抑郁的740天抑郁症 明天开始上班了又要开始装开心了希望不要有烦心事，我可以多开心两天 
1,  晚上好啊，家人们 
0,2022.4.2无论我付出多少，在她们这个家始终是个外人，其实有的时候觉得自己挺傻的!一味地付出但是始终得不到一句好!无论我做多少，始终是外人！这就是寄人篱下！再也不想回到那里!那个令我痛苦的地方！ 
1,人生苦短，何必念念不忘。 
0,无论怎么活着，都会痛苦吧 
0,好怕啊 我一想到这个大学生活以后还有两年时间要过  我真的好害怕 我现在就是在过度日如年的生活  我好害怕  我不知道该怎么面对这一切了 
0,我睡不着，刚刚哭了，鼻子好塞，明天还要早起上学 
1,"自我表扬一下，我是越来越愿意和别人交流了。下班后去商场买了几件衣服，然后在二楼的一家小店吃水煮鱼。这是一个连锁店，餐桌挺多的，但前前后后就我一个食客，主厨兼服务员是一位身姿曼妙的大姐。水煮鱼的味道太别赞，忍不住就对着大姐一顿夸，她听了很高兴，说pandemic前,顾客要排很长的队才能等到用餐。聊着聊着，发现我们竟然住在同一个小区，她不但向我传授了这道菜的做法，还透露了如何在某网上秒杀的窍门。愉快的吃完晚饭，在回家路上的五金店询问有没有卖浴室花洒的，我愁容满面地跟店主大爷诉苦说，也不知道到哪里去找安装的师傅。没想到，大爷说，我就会安装啊。把我高兴地要飞起，说话家，大爷锁了店门，拿着材料就跟我走了，完工以后，只象征性地收了15元上门费。在这个人生地不熟的小区，我感受到了莫大的善意。生活是如此琐碎，又如此值得回味啊！"
1,            运动减压小结 刚开始生病那会儿，挪到小区门口就开始害怕??，但还是强迫自己走到外面去，记得一次在绿道上失声痛哭，把一个美女给吓到了。那段时间有幸遇到一个赋闲在家的姐妹，她性格外向，交友面广，能说会道。跟着她，每天两个小时，走过了整个春天。        天热的时候，加入了社区里的瑜伽班，买了瑜伽服，瑜伽垫。老师很严格，一些动作也有难度，练了一段时间，发现对减压没有什么帮助，就果断退出了。于是办了卡，开始游泳????。每年夏天，游泳池里都人满为患，浅水区跟下饺子差不多，不是被人踹了，就是踹了别人。深水区人相对较少，但是由于身体控制能力差，容易心慌。有一次被人踢了一脚，挣扎着摸着岸以后，再也不敢去了。其实 ，大热天的，在家里蹬动感单车也是不错的选择，自己调档位，累了就歇一歇，无聊的话还能瞅两眼电视，虽然也没有什么有意思的节目。蹬自行车确实枯燥得紧，偶然发现八段锦挺有趣的，关键是简单易学。每天练两遍，一开始蹲的腿疼，慢慢就适应了。后来一个人爬山，找个开阔的地方，练上一遍，听着鸟儿的鸣叫，呼吸着草木的芬芳，感觉实在美妙。寂寞的话， 一路听着BBC，听力水平挺高了不少。现在，体力恢复了很多，有一天突然想跑步，索性跑起来，一发不可收拾。散步的话容易胡思乱想，而跑步很纯粹，只想一直往前奔，出一身汗， 顿觉神清气爽，心中涌起一种自豪感――一股气慢慢在身体里聚集，好像破碎的自我一点一点的回归了。
1,晚饭在食堂吃的，因为过节，没忍住点了一份酸菜鱼，到底没管住嘴下了地铁以后步行回家，忽然发现很久没骑共享单车了，这段路走起来也没有那么远。心情平静， 脚步轻快，体力比以前增强了很多。路上顺便取了两个快递，一件打底衫，一件短袖。歪打正着，正好送给自己的节日礼物。百果园的菠萝蜜，是送给孩子的。拎了一路，门口水果店买的基本都是生的，口感差。还在罗森家买了她爱吃的脆骨照烧丸，上一次买回来放在桌子上，喵喵挨个啃了一遍，孩子没吃着。刚到家门口，就听喵喵在里面嗷嗷叫唤，她每次都用这样的方式迎接我。开了门，一把抱怀里，亲了亲，用罐头拌了猫粮，小家伙立马狼吞虎咽地干饭去了。
0,心跳好吵，头好难受，整个人都晕晕的，早知道就不出院了，氟西汀也吃没了，疫情还没办法去开药，没法摆脱的病耻感，人麻了 
0,我感觉……我好像不太正常小时候的我就经常嫉妒别人，我很容易生气，看过很多血腥暴力的视频（甚至看过虐待小动物之类的，没有尝试）看到美好的事物我经常会很想把她毁掉。我感觉我疯了，我好想杀人，好想拿把刀疯狂的往我身上捅，然后倒在一片血泊之中。我经常会脑补把讨厌的人分尸，或者听他哀求着我饶他一命，我再笑着拿刀宰了他。我感觉我疯了，我总是犯错，犯错之后却又并不感觉自己这样有什么错，我还会埋怨起规矩和处罚我的人，讨厌讨厌讨厌我感觉我不正常
0,在陌生环境，一紧张手就忍不住的抖 
0,人活着是为了什么呢？我会想到一些美好的事物，比如清晨的第一缕阳光，夜晚那一抹皎洁的月色，还有天南海北的奇异景观和小吃美食。可我又是怎么意识到自己生病了呢，躯体化反应，消极悲观的轻生念头，心慌、头晕，把自己关在密闭的空间里静静发呆，什么时候能好起来呢？我又一次问自己 
0, 大家有想过改变一种生活方式吗 
0,想问一下大家，对于嘲讽自己的人，怎样压制自己的冲动与怒火 
0,我很没用吧，一点点挫折就想哭，什么都做不好，很会让人讨厌，活着真的，很没有意思， 
0,可以给我一点鼓励吗？我想坚持到过年，回去之后，不想找工作这么快了，我真的，每次上班都哭，自己经常偷偷哭，真的要受不了了，可是，每天天一亮，就觉得坚持不下去了，救救我，拜托了 
0,为什么我会这么轻易地相信别人呢？我以为我找到了那个可以至于我一些的人，但那却是更黑暗的深渊。我的病就真的很丢人么？很难以启齿么？我曾经尝试过自救，但那个对于我来说的天使，拼命地拉住我，告诉我，我所做的都是无用功，唯独只有恶魔，任由我做我想做的事。 
0, 好累 真的好累 不只是身体上 由内向外由外向内的累 我一直一直渴望着救赎的出现...等不到了吧 根本没有救赎 只有无尽的深渊不是吗。 
0,4月16日记看了韩剧还有明天，里面被校园暴力的那个女生的台词真的写到我心里多年后我们是摆脱了校园暴力的人和环境，但是那些被霸凌的过往会在不知道哪一天因为什么又重新笼罩着我们。或许是一件相似的衣服，一个相似的表情，一件衣服或者一个相似的事件等等等，他不会随着时间消失，因为那是最难过的时间，那时候活下来的每一天都是靠着自己打气熬过来的。它结束的终点只能是那个人或者那一群人得到报应，得到他们应有的报应。霸凌我的两个人，他们是做生意的，有一个大学跟我考到了一起，我会在某些时候就看到她跟她相遇，她认出我的时候会在擦肩的时候笑我。每一次我都像回到之前的时间里，不会动不会做表情不会说话不会跟人交流，不会行走，像个木头。探店博主会去他们两个的店铺打卡，我每次刷到的时候都会浑身犯冷，他们在最豪华的地段，我再也没去过，我是个胆小鬼
0,要么实现梦想要么死 
0,又又又哭了……还有两年前的我在今天住院了 
0,我只想有个懂我的人，可以来抱抱我 
0,祝我确诊一周年纪念日快乐?? 
0,你好，疯子 
0,爸妈又通话了，我的暴风雨又来了听到他说我浪费钱，听到她说她也不想这样，听到他们说……对，我的错，对不起，我想走了 
0,真的想走了，没人理解我，我一次次呼救，一次次坦白自己的心理活动，都无人回应，还觉得我夸大其词，觉得我不可理喻，就这样吧，我放弃挣扎了，坚持不到明天了，就今天下午吧…… 
0,我的思维:准备过马路，这时红灯亮了                    ↓        红绿灯跟我作对                    ↓      全世界都跟我作对                    ↓  那你活着的意义是什么？                    ↓没有意义，那我还是去死吧??是不是没救了?? 
0, 我突然想起来 我有一顶很漂亮的绿帽子??找不着了 
0,自杀是自卑的勇敢。 ---黑格尔 
1,除夕快乐抑郁症 
0,有什么意义的事吗 
0,好难受 
1,大概世上的人取下面具后都是丑陋的突如其来的思考人生，哈哈哈下午好！抑郁症 
0,我不想回学校住 
0,我出生在这沼泽里 挣扎了很久也没逃出去 
1,今天是情人节，长期以来，作为听众的知心好友，情感树洞，常常会被问：“怎样才能让自己的人生不那么平凡”。对于这个问题，我想告诉大家，其实永远不要看轻自己，每一个人都是与众不同的，我们有人喜欢碳水，有人喜欢脂肪，有人喜欢糖。  
1, 乱弹?? 终于睡醒丫的微博视频 
0, 有没有人来陪我聊聊天啊??（bgm溺水小刀） 终于睡醒丫的微博视频 
0,我才懒得出去，见到人就烦 
0,救命啊，论文被打下来了，一整个要大改的程度，组里也没认识的人，感觉毕业不了了，2022年开始就没什么好的，饭也掉地上了一次，钱也不够了，我有什么用啊 
0,我爷走了抑郁症 
0, 感觉自己的记性越来越差，一转身就会忘记要做什么。再努力有些事情还是无法改变！生活总是在想尽办法折磨自己！ 
0, 有的时候真想说一句：我不喜欢所有人 
0,自己一身病还总是苛求别人 
0,好羡慕那些说走就走的人 
0,伙伴们吃药对皮肤有影响嘛 
0,我身边某一个人：“自杀就是为了威胁父母啊”我：你没事吧？你没事吧？你没事吧？ 
0, 感冒了要吃的药又增加了 今天又自残了感觉痛感已经不能让我觉得自己活着了 讨厌自己讨厌到了极点 不敢再去告诉家人自己的状况 感觉自己好讨厌 
0, 一整天都是情绪低落 
0,情人节过去了，期待个毛线 
0,好希望所有人都不要理我，当我不存在 
0,吃了四年的药，没想到能活四年啊。。。但没有人在乎你这四年是怎么过来的啊。。。他们看到的只是这四年你一直停滞不前啊。。。 
0,哭啊 
0,大早上醒来想哭怎么回事 
0,我可以发呆一整天 
0,好烦啊。焦虑死我了。脑子一直在想东西，逼自己回忆之前的事情（不论好坏）。又想xc了烦死我了。 
0,我今天哭了。本来以为最近状态很好了。但是爸妈的不信任直接中伤我了。都不听我把话说完。就因为我之前做什么都半途而废就把我一棍子打死了？我也想改变啊。我也在努力啊。 
0,不想吃药。想断药。 
0,换药了，医生又让我住院，阿普唑仑和安非他酮有什么副作用呀？顺便问问你们现在都在吃什么药呀？ 
0,#一篇治愈日记# 我刚才听到右边耳朵深处有铃铛的声音，响了两遍。 
0,一哭就停不下来 
0,172 体重94斤  看起来一副骨头架子一样  但是就是吃不下去饭怎么办啊 
0,感觉心脏一抽一抽的疼 
1, 今天活下去的动力是交到了新朋友！ 
1, 当我想结束时，我在意的东西又会出现，把我从深渊中拉了上来。 
0, 唯一的好朋友也抛弃我了啊真好笑 
0, 都睡了吗我明天要去学校办休学手续了，刚才微信和老师问了点东西，班主任说：明天见 我：好心里有点害怕怎么办 
0, 抑郁症都是因为我爸妈和我妹妹 
0, 我刚认识你那会你说你有抑郁症，特别想死，虽然我也有抑郁症，但我一直在花时间陪伴你安慰你，那个时候我能感觉出来你也很喜欢我，但是后来你因为现实选择了别人，抛弃了我，恭喜你，我的病情又加重了 
1, 我不是很会安慰人，虽然我知道你们经历了一些很痛苦的事情，但不管怎么样还是希望你们能好好活下去 
0, 妈妈跟我说好了，要是我这次小测考的比上次好这个周末就会带我去公园玩，可是当我拿着满分的成绩找她兑现承诺的时候？她却跟我说：“你能不能懂点事啊？我每天工作那么累，你一个病人有什么资格提这样那样的要求，是缺你吃还是缺你穿了？”，我真的好难过，但我难过的并不是她有没有带我去公园，而是她答应我的事情却没有做到
0, 凭什么后来者居上 
0,是我太懦弱，不够坚定，不够坚强 
0,应该活到几岁呐 
0, 心愿会实现吗？会吗，会吧… 网页链接 
0,别再骂我了！！抑郁症 
0,一切值得我开心的事情到最后都会让我变得痛苦，我已经不想再做任何事情了，也不想再有任何侥幸心理。不可能会有好事发生在我身上的，我出现在哪里，哪里就会有坏事，我也不想去祸害别人了。这么大的世界，竟没有给我容身的地方。 
0,让我与世隔离吧，我要疯了抑郁症 
0,睡觉一直被惊醒是什么症状 
0,吃药初期病情加重的厉害，副作用也很大，突然觉得不会好起来了…… 
0,头还挺痛的呢  哈哈哈哈 
0,我真的有点累了我把它拿起来又把它放下了我连这点勇气都没有 
0,我得抑郁症就是因为我矫情！满意了吧！ 
0,黑黑的夜晚，是谁在哭泣？是谁在哭泣？是我呀!是我呀！是你呀？你为什么要哭泣？我累了呀，我心累了，我委屈啊，我压抑啊。 
0,我发现我的记忆越来越差了，总会忘记好多事情，就连早餐吃的什么都会想不起来，我好没用 
0,我的心好痛好痛好痛 
0,佐匹克隆吃完头疼，心跳感觉加速了正常吗？ 
0,你们有没有出现这种情况，突然听见有脚步声进来卧室来然后走到床边，用手指使劲顶住自己的大腿肉，或者做其他伤害自己的动作，还能明显感觉到疼痛，大脑是有意识的想用手去抓住他结果手动不了想喊也喊不出来，然后整个身体也动不了，也不知道过了多久才能动的，睁开了眼睛发现卧室根本没人，但是大腿上还能能赶紧到疼痛。我想知道这种情况是真实的还是幻想的。ps：求通过
0,蜷缩在黑暗中…… 
0,我好难过无缘无故的开始想哭 
0,自己停药有什么问题啊我停药了一段时间然后现在很难受但是不知道是不是停药的问题 
0,本来是打算带我妈去驾校，因为搬地方了，准备骑小青桔来着，但是微信没钱，我就打算坐公交，我应为最近找工作没找到，本来我这爹妈就一直说我，说我让她们被看笑话，我真的很敏感了，但是我妈说她给我转点，然后带着她去，我本来也没说什么，但是人家一边憋嘴，脸拉着多长，他自己是没看到那脸有多丑，我没忍住我说你能不撇嘴不，得，我点炸药上了，直接开说，说我不乐意带她去就不去，说我别这么跟个火药包一样，旁边很多人，但丝毫没影响，自己还老是说让我不要学些撇嘴叹气的烂毛病，呵呵，，算求
0,今天又是为了找工作奔波的一天，，，，唉，难受。 
0,我真的要疯了，好不容易开好的留级单子，印章又被擦掉了，我一路上都有看着，为什么只是说我没保管好，根本没人懂我的东西，我是傻逼，对啊，不就是嘛，一团屎一样的人生为什么还要过啊，真的很痛很痛啊 
0,今天是理智回归现实的一天，缺钱，缺钱，缺钱。问爸妈拿钱真的很痛苦也很羞耻 
0,怎么会有人请5年没工作的人呢？我该怎么办！好害怕呀 
0,每次告诫自己不要晚睡，每次都做不到 
1,我要体谅自己，允许自己变得更好，让自己可以拥有好的东西，爱自己。 
0,太辛苦了，已经病了一个多月了。都是小毛病，可是好难受。今天是肩膀痛，头晕，人昏昏沉沉的。因为生病，心里不好的念头又起来了。到底要我怎么做才不会不舒服。我愿意以后坚持运动，求求不要不舒服了。 
0,我还以为我快好了，结果又开始焦虑不安了，好难受啊。但是我又没钱去看病了，所以不管多难熬，都要坚持先上一个月的班再说，这样才能有钱去看病 
0, 哎，把自己扔进海底吧再次决定停药，我不要再吃了，死就死吧，反正你们都希望看到的哈哈哈 
0,睡不着，我哭泣了 
0,                        与病为友今天是MECT第二疗程的第五次今天不知道怎么了又开始有副作用了弄完感觉头很疼很想吐 
0,好想解脱 
0,，4:25 
0,风好大， 
0,睡的腰酸背痛 
0,天天睡觉睡得腰酸背痛 
0,迷迷糊糊 
0,我爸今天给我打电话问我啥时候回家 
0,感冒发烧，想吃什么但是感觉也没有什么好吃的 
1,【晚安计划】周一好啊，今天过得怎么样？偶尔你可能会有某种非常孤独的感受，不一定要费尽气试图让别人理解你。但也要相信，总有人能理解你。晚安，别忘了吃药药???????? 
0,翻个身继续睡 
0,难搞 
0,喵喵喵 
1,晚安，好梦！别忘了吃药药 
1,换季了，记得多穿点衣服，不要着凉，要常备999感冒灵和快克，喵喵喵，别忘了吃药药，晚安～ 
0,喵喵喵～ 
0,雨不大，但是都淋湿了 
0,木子呀，怎么说你呢 
0,今天说有雨，不知道能不能下的下来，热死本宝宝了 
0,吃撑了 
1,小朋友们，节日快乐 
0,看完了《被讨厌的勇气》，你们也可以看下 
0,改了个名字 
1,早安，天气越来越冷了，记得多添点衣服。 
1,超话里的每个小可爱都是独一无二的，有什么不开心的可以和我说呀，我都会回复的，加油明天会更好！ 合肥 
0,睡着了还是没睡着呢 合肥 
0,Day. 715可是我就不想我的手机号注册很多乱七八糟的东西啊，我错了吗 
0,Day. 688我不想听唠叨 
0,Day  661天天吵架很烦啊… 
0,Day  634今天下午之后情绪一直很暴躁好烦这样的我 
0,Day  607反正我们都已经没关系了 
0,Day  580又是头晕的一天我在想会不会内出血了呢 
0,Day  526  感觉我又要发烧了 
0,Day  498梦到某个熟人看到我这个账号，整个人都焦虑了中午起床发现眼睛都红了，吓得我以为红眼病，然后刚到医院再看就不红了 
0,Day  468又不想工作了，想去旅游，想自以为是的拯救朋友 
0,Day  440伤害果然难以释怀 
0,Day  413救命的药叫啥来着不记得了，睡得着就好，依不依赖已经没办法了 
0,Day  385想公开又怕被特殊对待被猜出来了又很不安 
0,Day  358为什么喜欢站着说话不腰疼呢 
0,"Day   ,331忘事太厉害了怎么办 "
1,Day  303晚安 
0,Day  273看到某条微博评论，一些男的说什么母人，难道生他养他的父母亲没教尊重？ 
1,还有2天，11号可以休息一天，坚持住 
1,Day  217能力得到承认 
0,Day   189下午开始上班，从头开始，不知道我能不能做好 
0,Day  108昨晚突然感觉很焦虑，无法抑制的冲动，我感觉很辛苦很累，吃了差不多一个月的药感觉还是没什么变化，连最开始的不良反应也没有，安眠药也没办法断，感觉真的太累了……今天端午节，祝大家安康，顺心如意 
0,Day  51今天打了狂犬第二针12号打第三针还好买了保险，三针下来就只花了挂号费 
0,Day  22今天带小可爱打疫苗，回来之后把它放阳台上，后面发现它蹲在窗台胆子大也不必这样吧 
0, 深度沉浸式emo 终于睡醒丫的微博视频 
0, emo了就听林俊杰 终于睡醒丫的微博视频 
0, 即孤独又庸俗的我，整日靠药活 终于睡醒丫的微博视频 
1, 我希望我们一起努力加油活下去我们的粉色 
0,有没有偏心理咨询的医生（我在河南，其他地区也行，女医生最好，年纪大点亲和点最好）我觉得我也不严重，就有些想法比较极端，但是现在这个医生一直在开药，根本不接心理咨询，就有点只在意临床症状不在意心里诉求的感觉。 
0,有在山东省精神卫生中心或者济宁戴庄医院看过友友吗住院环境怎么样答应花费多少麻烦大家说一下！！ 
0,只睡了两个多小时就醒了心慌，心脏疼我的焦虑越来越厉害了吃药有时候都控制不住自己暑假工也到此结束了店长说我说话慢，语气生硬，走路慢，说我整个人看起来好呆，一点活力都没有，手抖也说我，一天说八百遍，然后我就辞职了，反正所有人都感觉我矫情，我解释也没用，就坐实一下了感觉自己活的好失败，干什么都不行
0, 我好烦啊啊啊啊啊啊啊啊啊 天天进出医院的 虽然已经尽力不拖累别人自己去看医生 但回到家就觉得自己废人一个 即使知道这一切总会过去 但还是忍不住一直哭一支哭 哭完一盒又一盒的纸巾 
0, 明明有人愿意关心可是却没勇气面对和接受别人的关心，你说可笑吗？我觉得自己挺可笑 
0, 我躺床上很久啦 好饿 你们说我应该去吃宵夜吗 
1,16岁啦 
0,累，晕，恶心，烦，想发疯 
0, 熬吧 熬 使劲熬过去就好了 
0,吃药只能暂时制止我，但是不能治好我，我也不想再去医院了我太难受了说不出为什么，哪里，就是难受今天又割了一刀出血之后自己吸自己血有一股铁锈味 
0,我真的特别讨厌“你踏踏实实过好自己就不会想这些，不会想这么多”“不要总想那么多，好好过自己的日子”“你怎么怎么就不会想这么多了”……这些话，真的特别让人烦躁，我不晓得吗？嘴巴一张就是一碗鸡汤说是为你好话一说完就完，转眼去劝不要想太多好像每个人都在为你好，每个人都在对你好，这个世界上只有你自己不懂事你不领情吧人家又确实安慰你了你领情吧，真特么糟心透了
1,我希望每个人相处的时候大家都真诚相待我希望歌颂的人人平等真正能够平等我希望你说的话我都听完，你说的话我都听完我希望我们都能温柔的相处，和平的聊天，真诚的笑 
0,成年人就是看透了生活的本质依旧热爱生活。不好意思，我可能不是成年人就是看透了，才觉得一切无所谓，没有什么热爱与讨厌，一切与我无关 
0,口口声声说你自己考虑，自己看着办，但是啊，一说的只要不同意就各种说法，各种道德绑架，然后你结果不好了你难受了你不舒服了又说谁叫你自己不好好考虑 
0,一个通宵 
0,胃痛死了 
0,到头来被骂的都是我 
1,友友们心情再差的时候也尽量逼自己好好吃饭还有少喝咖啡少喝酒要不然身体很难受 
0,每天醒来，绝望多一点 
0, 别人过年就是团圆，我们家过年就是让聚在一起吵架…… 
1,这辈子做过最不后悔的两件事，一是曾经努力过，二是现在放下重来 
0,我们明明没有做错什么 为什么要这么痛苦 
0,心慌持续时间怎么那么长 
0,我想知道 痊愈的宝贝吃药吃了多久 我感觉遥遥无期 
0,我撑了快一年了 我很累了 
0,谢谢啊吃药就嗜睡上课就想睡觉，已经很严重影响成绩了也多次被老师提醒，私自停药就早醒心慌手抖，莫名其妙抑郁我真的会谢 
0, 十万倍得想回到小学 那个时候没有疫情 没有那么熟悉互联网 朋友之间没有那么多心事 家里人也很和睦 放暑假可以到处旅游 和最好的朋友一起补课 有喜欢的人 现在一切都变了 好难熬 
0,哪个才是我。 
0, 我唯一一次下定决心，你们却把我拉了回来 
0, 隔壁好像在放歌…隐隐约约的…我不会幻听了吧…这个时间不会这么大声放歌吧… 
0, 我也烦我自己为什么那么小的事情都要纠结那么久我知道这很矫情 我不想这样 我控制不了 我很痛苦 
0,黑狗总是无声无息地出现并且咬住我不放，我真的没有努力去对抗吗？我只是想要被爱，仅此而已，怎么就那么奢侈呢？ 广州 
0, 以为自己痊愈了，没想到又开始了 
0,我不理解我为什么可以做到天天头痛 
0,头很难受，又反胃恶心，想吐。 
0,md好想死啊，能不能让我早点消失啊。 
0,真的很想死，我不想管了。 
0,我又开始作死了，又是生理期，又是吃药中，但依旧毫不犹豫地喝着酒 
0,好难受，不管做什么那种感觉都不会消失，我真的很想放弃，放弃…… 
0,外面烟花一直在放，好多，好吵，我就一个人拉着窗帘坐在沙发上，一整天身体和情绪都难受到死，所以我什么时候才能死掉啊？放过我吧，我到底哪一步错了，为什么我会得抑郁症啊，其他同龄的人都在好好生活工作，就我连正常生活都做不到。 
0,我不能让自己停下来，只要我大脑一停下来，那些事情就会反复在脑子里出现，反复折磨我，我就会痛苦到疯掉，看剧，看综艺，玩游戏都没用，我看不进去玩不进去，我必须一直给自己找事情做，一直让大脑处于被迫思考的状态，即便这样我还是会很难受很难受，情绪依旧很差很差，头又胀又痛，只是可以假装我没有在意那些。
0,什么时候才会学会真的闭嘴呢？才会真的忍住不联系呢？才会真的什么都不说呢？我真的好烦我自己。 
0,躺到痛，起来了起来了 
0,连续三个通宵没睡，坐在床边，望着外面。 
0,怪得了谁呢？不都是自己的问题吗？是的吧。是的吧？是不是又有什么意义了呢？反正都已经这样了，反正都不想去改变了，反正都已经自暴自弃了。 
0,我配不上，我是个混蛋，我只会给别人带来不好的影响。 
0,突然之间不相信自己 突然之间不想坚持 突然之间不想熬了 我也那么一刻想过结束自己的生命 每时每刻怀疑自己生活在这里是一个累赘… 
0,今天是我上班的第五天 整体还算挺好的 就是早上吃药有点反应 想打瞌睡 我想问一下大家有这种反应吗 
0,心理援助热线一直打不通 
0,手心总出汗跟这个有关吗？ 
0,抑郁症自从出现头疼的症状后就一直做不好要做的事了，记忆力下降，思考困难，感觉自己都成废物了，今天还头蒙一直恶心干呕，然后我目前是重度抑郁，你们都这样吗？我现在感觉很无聊很无聊无论做什么事都投入不进去，怎么办啊 
0,每天早上都要这样崩溃的话，我每一天都从崩溃开始，每一天从开始就想着死，从开始就想着死 
0,你们凭什么要要求我去相信那些伤过我的东西，伤过我的狗屁医生狗屁咨询师，甚至是你们 
0, 记录一下 今天拉了三次肚子 锁骨疼了两次 整体浑身难受 放空发呆俩小时 总的来说下雨天真好睡 前提是能不能不出门上班想窝窝 
0,猫咪被车撞死了，好难过 
0,我究竟要怎么样啊？为什么怎么做都没有被认同过，他们究竟有没有把我当成人尊重过， 
0, 不要借qian给别人的微博视频 
1, 拒绝emo 终于睡醒丫的微博视频 
0, 有人能陪陪我吗？有点犯病 终于睡醒丫的微博视频 
0, 发病了就想弹弹琴 终于睡醒丫的微博视频 
0,休学期满了好几天了我还呆在家里，退学也不想去问辅导员需要哪些资料，大学办退学的手续和休学的手续一样吗？能不能不去学校就能办好退学啊 
0, 头真痛，听说吃甜食能让人心情愉悦，可是我吃了两个冰淇淋了我还是没开心。在京东买了几只笔却不知道拿来写啥。又是让人心烦意乱的一天?? 
0,想问问大家都为什么要活着？我不明白，我觉得活着好难过，特别痛苦，也没什么盼头，既然这样死了也没什么区别吧。我真的没想到，我一个抽血都怕疼的人，自残起来毫不犹豫。 
1, 我们都会向阳而生 闪亮的粉红脚趾公主的微博视频 
0, 。 靓女柠汐的微博视频 
0,距离高考只有87天了 每天每天从早上到晚11点 让我真的好累好累…压力真的好大。总是觉得没有考好大学就对不起爸爸妈妈 
0,我也想拥有甜甜的恋爱，可是现实告诉我我不配 
0,好想有一个坚实而宽大的肩膀可以依靠啊 
0,到现在还是没有说一句话 
0,那些听不见音乐的人，认为那些跳舞的人疯了。 
1,要学会做自己的主人，如果我允许别人审判我，人就会站在道德制高点乱石砸死我。自己审判自己，别人的看法不再是审判，只不过是流言蜚语。每次觉得羞耻尴尬就想想到底是谁在审判我 
1, 这里的护士长和护士都叫我“帆帆”，小朋友们都叫我“帆姐”，真受宠若惊 
0, 我的人生是一场失败的社交 
0, 我有一个本事就是你把我绑起来，约束起来，我分分钟给你解开 
0, 我不曾一次想着是不是我死了会更好 杭州 
0, 还是不要把生病的事情随便告诉别人，不然她们会用一堆理论来道德绑架你，逼迫着你做出改变，每次都是说出去又后悔 
0, 为什么我不会哭了，一滴眼泪都流不出来 
0,都是骗子 说能陪我抗过抑郁症 最后也是因为这个分开了 说什么做朋友 我这辈子到死都不会在见你 
0,好像真的坚持不下去了 喘不过气 
0,堂姐过来看我，我妈想着我和她很多年没见了，让我们一起睡正好可以聊聊天。堂姐惊恐地退了退，说，我怕她半夜…… 我妈立马解释，别怕，她晚上很乖的…她晚上不会起夜什么的…我妈似乎意识到什么，还是说，算了，还是我今晚陪她吧。 大概是住精神病医院，很多人觉得我和医院里大多数人一样 
0,根本睡不着，还贼想吐 
1, 好想去快乐星球 昆明・上海?东盟商务大厦 
0,头疼到想吐，分不清是换的新药的副作用，还是换掉的药的戒断反应，又一次感觉人间不值得，实在太难忍了 
0,我好难受可以和我聊聊吗 
0,藏起来了两盒舍曲林 
0,我要是哪天真走了你们会想我吗 
0, 我从来都没有开心过… 
0, 内心…复杂…焦虑…茫然…无措…不甘…有怨气…更多的是恨意…所以…就很想骂骂咧咧…面具之下…腹黑的一面…要被揭开了…很记仇…是真的…报复心强…也是真的 
0, 我好似走在一条…没有归途的荆棘之路上…这一路…与恐惧…未知…血腥…折磨…相伴…被痛苦…绝望…挣扎…崩溃…捆绑…走走停停…却从敢不回头张望…――――――――――我在记录这些的同时…手腕突然来了撕裂般的痛感…仿佛在阻止我写下去… 
0, 就是***没心情想怼人…想??…情绪受天气影响太**严重了…看什么都不顺眼…浑身酸痛…头晕恶心…不受控的烦躁…该拿自己如何… 
0, 在异乡工作…心里时常想着回家…可真的回来后…又在想…我想回的…是现在的这个家吗…我真正想回的…是记忆里充满欢乐的那个家吧一个人在外…是孤独…回家后…依旧孤独… 
0, 傍晚时分…哥哥驱车来学校看我…因为疫情封校…我俩只能坐在校门口的马路牙子上…他看着我…不讲话…而我只有傻笑…也不讲话…聊起来我姐姐的一些事情…转而把话题引到了让我谈朋友这儿…即便我很是讨厌这种话题…但我还是跟哥哥表达了我的想法…从我生病看病的这些年…哥哥说他都知道…他知道姐姐这几年陪我看病的状况…也知道我生病的一部分原因…我跟他聊了许多…时不时的会扭头看他一眼…他的眼神里满是心疼…我神情放松的跟他讲着…我跟姐姐其实很生分…很少坐在一起谈论心事…就那样…讲着讲着…越讲越多…从始至终…我都是嘻嘻哈哈的样子…对于讲出自己内心的某些扭曲想法也不以为然…而哥哥却极为心疼和在意的一直看着我…嘴里说我就是个傻妞…站起身来…倍感放松…却突然被哥哥一把抱住…这是哥哥第一次抱我…抱得很紧…而我…被吓到了…站在那儿一动不动…过了会儿…哥哥松开我…他说…希望我不要抵触别人…希望我试着去接纳别人…接受别人的关心…我半天憋了句…我努力…还是笑着告诉他…我能照顾好自己…提着东西回到学校…一路上脑海里都在想…我真的能照顾好自己吗…
0, 一天一催让我回去替班…是我不想回郑州吗我都抢了三天的票了…我容易吗我高铁一天一通知停运是我的问题吗…我快裂了…睡也睡不好…精神也天天都是要崩溃的节奏…我还想回郑州看病呢 
0, 睡不着……是件阔怕的事 
1, 黑夜的小精灵在催你们…快去看梦里的漫天星辰?…所以…早点休息…晚安咯…宝宝们小bo睡醒再来 
0, 姐姐一个电话过来…我的眼泪终还是没有忍住…忍着哽咽的声音…告诉她…我没事…她问我这一次能不能自己调整…需不需要药物干预…要不要再去复诊就医…而我只说了句…我想回家…这次…我也不知道我是否能自己熬过去…若不行…最差也就重回医院而已… 
0,uu们，大家有没有吃了一段时间药之后睡眠又不好的呢。 
0, 烦死了。喉咙疼。 来宾 
0,你们忙着活，而我等着死 
0,我放下过去了，骗你的。 
0,每次跟人类在一起的时候，我都会看着他们的手臂看很久，就很奇怪，为什么他们手臂上没有伤疤呢 
0,真的想离开真的想离开真的想离开让我走让我走让我走 
0,有人生来被爱，有人生在尘埃 
0,你们最近一次掉眼泪是因为什么啊 
1,今天是自己22岁的生日希望家人身边人都可以健康快乐感觉时间可真快 
0,糟糕的一天又一天。对第二天的到来完全丧失了期待。感受不到任何活着的意义。活着就是为了不开心吗？我也想开心点的，可是没什么可开心的，也控制不了我自己。每天伪装开心可真难受。 
0, 再也不愿意当一个听话的傻子了… 
0, 为什么我总是受到伤害，只因为我单纯好骗吗 
1,今日心理咨询时隔四日又去了，最近状态不是很好，学校每次发开学通知，都会刺激到我，我今天是一点也不像去学校。心理咨询师，让我妈第一次承认自己错误，她高中对我说的话，影响了我直到现在，“三千个人都可以，就你不行？”这句话这么多年仿佛成了我的人生信条，我得病了，变得和别人不一样了，成为特殊的那一个，我开始怀疑质疑我自己不行，我变得不一样了，和以前的我不一样，我整个人就像崩塌了一样，我变得尤为和别人必须一样，不认同自己的任何一点。不能够接纳自己，苛责自己。很谢谢咨询师让我妈和我互换角色对话，我在把我妈对我说的话说给了她，她也变得伤心无奈。咨询师说每一次发脾气都是我，感到不舒服，无处发泄。咨询师对我妈说不要试图解释，我妈一开始说一点错，我说你还是没有意识到，我妈说她错了，我开始说我把它作为人生信条，我把他当做对我自己的要求，准则等。我妈说她从未想到影响如此大，可事实就是如此，我不愿比别人差，和别人不一样。她对我说她错了，那一刻是我们争吵过N次，都没有过的结果。提了多次的结果，解决了，算是今天最大的收获。我妈不承认错误，就像我一直坚持要和别人比一样，从今天开始做自己了(●°u°●)?」，不一样没关系，我就是那个特殊。催眠，是让我找内心那个小孩，说实话没看到，都是一幕一幕，没有持久的，不过我应该心情不是很好，我看到了小孩子一个人吃饭，他不开心。还看到小姑娘，一个斑马样的机器人。咨询师也没有催我看到，确实得病以后变得比以前更隐藏自己，同龄人应该看不出我的外衣。咨询师让我安慰那些我，每一个都是我。  醒后，我和催眠师说了我以前在学校看到的那个我，那是我小时候，和别人玩完后，全身脏兮兮的去图书馆读书，外面有捐款，我想捐款，但等我出来时，没有了。我说我当时特别讨厌脏脏的自己，我说那次我哭着和学校的老师说我想责备她，老师说你责备她后抱抱她吧，摸摸她。咨询师和我说你内心什么样的都是你，不管是人，男人，女人，动物，机器都是一个个你。小孩子玩儿完脏兮兮多正常，多符合小孩子才有的特征。   好吧我被完全说服了。题外话，咨询师说他的女儿整整四年走出来，现在也是一个咨询师，他说她的女儿自残，吞过两次药，他说不是难受她又何苦做这些。确实在心情不好难受的时候，真的憋得慌。  我以为我好起来一年就差不多了，看来不是啊，目前希望两年能好吧。好像问医生，咨询师啥的我多会能好，我一直执着于快点好，摆不平心态，决定我好的速度还不是我自己吗？自己往往知道却难以做到，有时候不适得其反么。期望自己慢慢摆平心态。慢慢一点点蜕变吧！
1,晚安啦，各位难受的宝宝，我又经不住痛苦了，只能睡觉来逃避了，晚安哦各位，好梦。 
0,心脏痛。 
0,有没有那种效果很好，吃了之后过一会儿就可以昏睡过去的安眠啊？我吃过的佐匹和扎来普隆都不太管用，又是一晚没睡 
0,我现在这样活着，对我来说是一种耻辱。 
0,头晕脑胀…… 
0,这个病真的会好吗？就算好了又有什么意义呢？失去的东西又回不来耽搁的时间也回不来我太了解我自己了根本改变不了的 
0,感觉自己越来越严重了，导致躯体化也越来越重。 
0,今天心脏一直跳得快，一直不舒服，又很焦虑紧张亢奋，情绪很不稳定，头很眩晕又痛，总之就是各种身体不舒服，我也不知道是心脏问题还是什么（等着去复查），每次情绪特别差心脏总会变得更不舒服，好几天。 
0,医生建议我去做个动态心电图，但是我又好懒得去医院，虽然感觉自己的心脏好像确实有毛病，但又觉得问题不大懒得管 
0,哈哈，我是有多垃圾，以至于父母都觉得没教养好我哈哈哈。 
0,撑住啊求求你了，等了那么久的演唱会一定要熬到啊，求求我自己了。 
0,心悸好难受 
0,记忆开始出现混乱，并且好多记忆都很模糊 
0,情绪一低落就会明显发现自己脑子变慢了。 
0,只能用游戏暂时逃避，一停下来就好难受好难受…… 
0,没有希望 
0,最近精神很不好，但是为了白天能清醒的做点事情，我还是喝咖啡了。虽然医嘱上不能喝，但是不能喝酒我也喝了，虽然不多。不能驾车我也去练了，虽然后劲很大。但是没办法 。昨晚就一直不困。现在感觉有点不舒服，但是还可以忍一下。没关系，一下下就好了。 
0,突然觉得自己其实没病的，怎么要吃药呢。 
0, 我感觉自己什么事都做不了，做事情前就要花时间让自己收集开心，做事情的时候就像漏气皮球一样漏掉这些快乐一对自己喜欢的东西提不起兴趣就想发疯 
0,想要退缩了，我真的理不清感情的问题，我也很怕，因为这个病，他会离开我 
0,这两天，我遇到了一个很投缘也很有缘的人，可是，我却想放弃这段感情了，因为，我感觉，我和谁在一起，都是在拖累别人，我真的不知道应不应该继续了 
0,Day   240困，想睡觉 
0,大家早上吃了什么我吃了薯条 
0,不想吃饭怎么办，早上因为学校抽到了我做核酸，逼着自己吃了半个包子 
0,生活他好像给我开启了困难模式二月，我养了两年的仓鼠回了吱星三月，我的猫被确诊为猫瘟，她只有八个月大。就在刚刚，我亲自说出了“放弃治疗”。我没有能力承担她的治疗费用，我的父母愿意治疗，但我知道他们只是害怕猫的离去会让我崩溃，他们已经够辛苦了，那些治疗费用他们要辛苦多久才能挣回来。她是我捡回来的猫，一只可爱的橘猫我喜欢的少年因为我病情加重，分裂出另一个人格，明明他以前的另一个人格已经消失了。是我的错。我这个20岁的人现在活的像个老人，说到底是我的错。我的猫生病了我却没有能力治疗她真是抱歉
0,好困...离家了...要去好远好远的学校了... 
0,家长很讨厌我现在 但是我真的好累好累只想一直睡 可能是发病了吧 没有力气做任何事情 
0,算法 代码 搞不懂 不想挂科 学不下去计算机了 要疯了 总掉眼泪 醒不过来 好累 
